Producto,Categoria,Precio,Costo
Computadores,Accesorios y Dispositivos, $20.00 , $16.00 
Tablets,Accesorios y Dispositivos, $25.00 , $20.00 
Apps,Mundo Tec, $25.00 , $18.25 
DVD,Mundo Tec, $25.00 , $18.00 
Apps,Mundo Tec, $25.00 , $18.50 
Telefonia,Accesorios y Dispositivos, $18.00 , $12.60 
DVD,Mundo Tec, $30.00 , $21.60 
DVD,Mundo Tec, $20.00 , $14.60 
Computadores,Accesorios y Dispositivos, $25.00 , $17.75 
Tablets,Accesorios y Dispositivos, $30.00 , $23.70 
Computadores,Accesorios y Dispositivos, $25.00 , $18.00 
Telefonia,Accesorios y Dispositivos, $30.00 , $21.90 
Apps,Mundo Tec, $30.00 , $21.30 
Otros,Accesorios y Dispositivos, $40.00 , $32.40 
Pantallas,Mundo Tec, $30.00 , $24.90 
Computadores,Accesorios y Dispositivos, $25.00 , $21.25 
Otros,Accesorios y Dispositivos, $587.00 , $422.64 
Apps,Mundo Tec, $545.00 , $397.85 
Tablets,Accesorios y Dispositivos, $670.00 , $415.40 
DVD,Mundo Tec, $410.00 , $270.60 
Telefonia,Accesorios y Dispositivos, $758.00 , $553.34 
Computadores,Accesorios y Dispositivos, $715.00 , $536.25 
Apps,Mundo Tec, $748.00 , $501.16 
DVD,Mundo Tec, $383.00 , $256.61 
Telefonia,Accesorios y Dispositivos, $647.00 , $478.78 
Computadores,Accesorios y Dispositivos, $708.00 , $431.88 
Telefonia,Accesorios y Dispositivos, $74.00 , $64.35 
Apps,Mundo Tec, $75.00 , $65.22 
Computadores,Accesorios y Dispositivos, $78.00 , $67.83 
Pantallas,Mundo Tec, $75.00 , $65.22 
DVD,Mundo Tec, $53.00 , $46.09 
DVD,Mundo Tec, $64.00 , $55.65 
Computadores,Accesorios y Dispositivos, $73.00 , $63.48 
Apps,Mundo Tec, $79.00 , $68.70 
Pantallas,Mundo Tec, $78.00 , $67.83 
DVD,Mundo Tec, $79.00 , $68.70 
Computadores,Accesorios y Dispositivos, $75.00 , $65.22 
Telefonia,Accesorios y Dispositivos, $125.00 , $108.70 
Tablets,Accesorios y Dispositivos, $135.00 , $117.39 
Otros,Accesorios y Dispositivos, $135.00 , $117.39 
Computadores,Accesorios y Dispositivos, $123.00 , $106.96 
Apps,Mundo Tec, $105.00 , $91.30 
Otros,Accesorios y Dispositivos, $115.00 , $100.00 
Otros,Accesorios y Dispositivos, $115.00 , $100.00 
DVD,Mundo Tec, $105.00 , $91.30 
Telefonia,Accesorios y Dispositivos, $125.00 , $108.70 
Computadores,Accesorios y Dispositivos, $84.00 , $73.04 
Telefonia,Accesorios y Dispositivos, $69.00 , $60.00 
DVD,Mundo Tec, $89.00 , $77.39 
Telefonia,Accesorios y Dispositivos, $84.00 , $73.04 
Telefonia,Accesorios y Dispositivos, $65.00 , $56.52 
Otros,Accesorios y Dispositivos, $83.00 , $72.17 
Pantallas,Mundo Tec, $80.00 , $69.57 
Telefonia,Accesorios y Dispositivos, $75.00 , $65.22 
Apps,Mundo Tec, $69.00 , $60.00 
Pantallas,Mundo Tec, $67.00 , $58.26 
Pantallas,Mundo Tec, $65.00 , $56.52 
Telefonia,Accesorios y Dispositivos, $125.00 , $108.70 
Otros,Accesorios y Dispositivos, $198.00 , $172.17 
DVD,Mundo Tec, $164.00 , $142.61 
Otros,Accesorios y Dispositivos, $135.00 , $117.39 
Computadores,Accesorios y Dispositivos, $174.00 , $151.30 
Telefonia,Accesorios y Dispositivos, $178.00 , $154.78 
Pantallas,Mundo Tec, $42.00 , $36.52 
Tablets,Accesorios y Dispositivos, $42.00 , $36.52 
Apps,Mundo Tec, $50.00 , $43.48 
Pantallas,Mundo Tec, $40.00 , $34.78 
DVD,Mundo Tec, $40.00 , $34.78 
Computadores,Accesorios y Dispositivos, $45.00 , $39.13 
Apps,Mundo Tec, $65.00 , $56.52 
Otros,Accesorios y Dispositivos, $65.00 , $56.52 
Otros,Accesorios y Dispositivos, $75.00 , $65.22 
Pantallas,Mundo Tec, $75.00 , $65.22 
Apps,Mundo Tec, $65.00 , $56.52 
Computadores,Accesorios y Dispositivos, $75.00 , $65.22 
Apps,Mundo Tec, $75.00 , $65.22 
Tablets,Accesorios y Dispositivos, $65.00 , $56.52 
